PartID,EigerPN,Description,Side,Rotation,X,Y,Package,Bin,Value
R1,EG-R-10K,Widerstand 10k Ohm,TOP,0,10.0,20.0,0805,1,10k
R2,EG-R-10K,Widerstand 10k Ohm,TOP,90,30.0,20.0,0805,1,10k
R3,EG-R-10K,Widerstand 10k Ohm,TOP,0,50.0,20.0,0805,1,10k
C1,EG-C-100N,Kondensator 100nF,TOP,0,10.0,40.0,0603,2,100n
C2,EG-C-100N,Kondensator 100nF,TOP,180,30.0,40.0,0603,2,100n
C3,EG-C-10U,Kondensator 10uF,TOP,0,50.0,40.0,0805,3,10u
U1,EG-MCU-STM,Mikrocontroller STM32,TOP,0,30.0,60.0,LQFP48,4,STM32F103
D1,EG-LED-RED,LED rot,TOP,0,10.0,80.0,0805,5,RED
D2,EG-LED-GRN,LED gruen,TOP,0,30.0,80.0,0805,6,GRN
FID1,FIDUCIAL,Fiducial Cal1,TOP,0,5.0,5.0,FID,0,FID
FID2,FIDUCIAL,Fiducial Cal2,TOP,0,55.0,85.0,FID,0,FID
R10,EG-R-1K,Widerstand 1k Ohm,BOT,0,15.0,25.0,0603,7,1k
R11,EG-R-1K,Widerstand 1k Ohm,BOT,90,35.0,25.0,0603,7,1k
C10,EG-C-100N,Kondensator 100nF,BOT,0,15.0,45.0,0603,2,100n
U2,EG-REG-3V3,Spannungsregler 3.3V,BOT,0,35.0,65.0,SOT23,8,3V3
FID3,FIDUCIAL,Fiducial Cal1 BOT,BOT,0,5.0,5.0,FID,0,FID
FID4,FIDUCIAL,Fiducial Cal2 BOT,BOT,0,55.0,85.0,FID,0,FID
